{
    "Metadata": {
        "Source": "inputs\\op2\\PC24-Flap_Neutral_N00_Normal_r1.0.op2",
        "Date": "2026-02-06T00:52:18.102514"
    },
    "Results": {
        "Freebodies": {
            "Front_Spar_Splice": {
                "ID": 2710102,
                "Loads": {
                    "1": {
                        "Fx": -6329.31005859375,
                        "Fy": 639.0809326171875,
                        "Fz": 6573.4384765625,
                        "Mx": 0.0,
                        "My": 0.0,
                        "Mz": 0.0
                    },
                    "2": {
                        "Fx": -6336.80078125,
                        "Fy": 639.8097534179688,
                        "Fz": 6578.68603515625,
                        "Mx": 0.0,
                        "My": 0.0,
                        "Mz": 0.0
                    },
                    "3": {
                        "Fx": -8081.876953125,
                        "Fy": 819.5381469726562,
                        "Fz": 8346.798828125,
                        "Mx": 0.0,
                        "My": 0.0,
                        "Mz": 0.0
                    },
                    "4": {
                        "Fx": -8080.2626953125,
                        "Fy": 819.3694458007812,
                        "Fz": 8346.2783203125,
                        "Mx": 0.0,
                        "My": 0.0,
                        "Mz": 0.0
                    },
                    "5": {
                        "Fx": -2582.833251953125,
                        "Fy": 257.22137451171875,
                        "Fz": 2638.182861328125,
                        "Mx": 0.0,
                        "My": 0.0,
                        "Mz": 0.0
                    }
                }
            }
        },
        "Elements": {
            "Upper_Skin_Panel": {
                "ID": 12090,
                "Forces": {
                    "1": {
                        "Fx_Nmm": -0.11188902705907822,
                        "Fy_Nmm": -0.46940284967422485,
                        "Fxy_Nmm": -0.8762944340705872
                    },
                    "2": {
                        "Fx_Nmm": -0.1120072677731514,
                        "Fy_Nmm": -0.4685653746128082,
                        "Fxy_Nmm": -0.876621425151825
                    },
                    "3": {
                        "Fx_Nmm": -0.10320111364126205,
                        "Fy_Nmm": -0.3551664650440216,
                        "Fxy_Nmm": -0.8036208748817444
                    },
                    "4": {
                        "Fx_Nmm": -0.10314413160085678,
                        "Fy_Nmm": -0.35564398765563965,
                        "Fxy_Nmm": -0.8034958839416504
                    },
                    "5": {
                        "Fx_Nmm": -0.04390796646475792,
                        "Fy_Nmm": -0.19650942087173462,
                        "Fxy_Nmm": -0.3640309274196625
                    }
                }
            }
        }
    }
}